<?xml version="1.0"?>
<opencv_storage>
<cascade>
  <stageType>BOOST</stageType>
  <featureType>LBP</featureType>
  <height>24</height>
  <width>24</width>
  <stageParams>
    <boostType>GAB</boostType>
    <minHitRate>9.9900001287460327e-01</minHitRate>
    <maxFalseAlarm>5.0000000000000000e-01</maxFalseAlarm>
    <weightTrimRate>9.4999999999999996e-01</weightTrimRate>
    <maxDepth>1</maxDepth>
    <maxWeakCount>100</maxWeakCount></stageParams>
  <featureParams>
    <maxCatCount>256</maxCatCount>
    <featSize>1</featSize></featureParams>
  <stageNum>16</stageNum>
  <stages>
    <!-- stage 0 -->
    <_>
      <maxWeakCount>6</maxWeakCount>
      <stageThreshold>-2.5403242111206055e+00</stageThreshold>
      <weakClassifiers>
        <_>
          <internalNodes>
            0 -1 8 -2 -1 2144140764 -2097153 -1 -1 -2097153 -1</internalNodes>
          <leafValues>
            -9.6013331413269043e-01 -1.1083303950726986e-02</leafValues></_>
        <_>
          <internalNodes>
            0 -1 92 -1 -1 -4 -516 -1 -33752588 -4 -50528260</internalNodes>
          <leafValues>
            -8.6962401866912842e-01 2.7753114700317383e-01</leafValues></_>
        <_>
          <internalNodes>
            0 -1 4 -1118466 -1769730 -196614 -537075974 -16777473 -65537
            -2 -163841</internalNodes>
          <leafValues>
            -8.4008276462554932e-01 3.6064359545707703e-01</leafValues></_>
        <_>
          <internalNodes>
            0 -1 102 -276878079 -225 -171967041 -4194313 -35316 -17409
            -1048609 -129</internalNodes>
          <leafValues>
            -6.7778050899505615e-01 5.3416705131530762e-01</leafValues></_>
        <_>
          <internalNodes>
            0 -1 162 -1073741825 -1434456069 -131081 -1363480577
            -1073743041 -1342242817 -16875531 -855834628</internalNodes>
          <leafValues>
            -7.0119756460189819e-01 5.1057499647140503e-01</leafValues></_>
        <_>
          <internalNodes>
            0 -1 158 -193 -33089 -29426080 -16777225 -2283 2130706423
            -16843436 -184549385</internalNodes>
          <leafValues>
            -6.4128232002258301e-01 5.4050362110137939e-01</leafValues></_></weakClassifiers></_>
    <!-- stage 1 -->
    <_>
      <maxWeakCount>7</maxWeakCount>
      <stageThreshold>-2.9117364883422852e+00</stageThreshold>
      <weakClassifiers>
        <_>
          <internalNodes>
            0 -1 2 -286265345 -1 -1 -1 -33554433 -1 -1 -1</internalNodes>
          <leafValues>
            -9.0775829553604126e-01 2.5468423962593079e-01</leafValues></_>
        <_>
          <internalNodes>
            0 -1 31 -33281 -4097 -1 -65537 -32905 -32897 -32907 -137</internalNodes>
          <leafValues>
            -8.1953579187393188e-01 3.5613802075386047e-01</leafValues></_>
        <_>
          <internalNodes>
            0 -1 11 -1058 -1 1598863068 -2228225 -4 -1027 -2228228 -1</internalNodes>
          <leafValues>
            -7.6010066270828247e-01 4.6183326840400696e-01</leafValues></_>
        <_>
          <internalNodes>
            0 -1 128 2147483647 -1073938436 -1 -1074790404 -537001987
            -167968769 -1090535556 -1393754884</internalNodes>
          <leafValues>
            -6.5281975269317627e-01 4.4230428338050842e-01</leafValues></_>
        <_>
          <internalNodes>
            0 -1 22 -285216769 -352387081 -16797970 -419495954
            1879048189 -554237953 -2219 -185073673</internalNodes>
          <leafValues>
            -7.0589613914489746e-01 4.0329474210739136e-01</leafValues></_>
        <_>
          <internalNodes>
            0 -1 122 -50473728 -196611 -12714004 -272695300 -57458
            -16777217 868188079 -65</internalNodes>
          <leafValues>
            -5.7326126098632813e-01 4.8880332708358765e-01</leafValues></_>
        <_>
          <internalNodes>
            0 -1 149 2146959231 -1360085000 1879046142 -20971532
            -604110851 -16777473 -167774220 -587925516</internalNodes>
          <leafValues>
            -6.7864882946014404e-01 4.1251125931739807e-01</leafValues></_></weakClassifiers></_>
    <!-- stage 2 -->
    <_>
      <maxWeakCount>7</maxWeakCount>
      <stageThreshold>-2.8082909584045410e+00</stageThreshold>
      <weakClassifiers>
        <_>
          <internalNodes>
            0 -1 5 -285218817 -9217 -1 -1 -1 -17153 -1 -1</internalNodes>
          <leafValues>
            -9.0001147985458374e-01 3.3602583408355713e-01</leafValues></_>
        <_>
          <internalNodes>
            0 -1 6 -2117714 -2097169 935280607 -8389641 -16385 -1537
            1610612735 -1</internalNodes>
          <leafValues>
            -8.2444030046463013e-01 2.2184458374977112e-01</leafValues></_>
        <_>
          <internalNodes>
            0 -1 153 -1073750017 -1392510977 -33554433 -1359020037
            -1342177281 -1358954509 -2051 -855638289</internalNodes>
          <leafValues>
            -6.5957421064376831e-01 4.2147511243820190e-01</leafValues></_>
        <_>
          <internalNodes>
            0 -1 90 -1107296257 -1083244804 -524426 -352518436 -313489
            -1026 -1114284 -18032668</internalNodes>
          <leafValues>
            -6.9388860464096069e-01 3.6722379922866821e-01</leafValues></_>
        <_>
          <internalNodes>
            0 -1 84 -1537 2147483518 -8193 -83951617 -134324239 -151689
            -65604 -17244172</internalNodes>
          <leafValues>
            -5.4811638593673706e-01 4.7539716958999634e-01</leafValues></_>
        <_>
          <internalNodes>
            0 -1 140 -536871936 -8978433 -80283873 -2097217 -34259150
            -17 -1531445282 -536870977</internalNodes>
          <leafValues>
            -5.5655515193939209e-01 5.0125843286514282e-01</leafValues></_>
        <_>
          <internalNodes>
            0 -1 3 1722740462 -35062018 536674300 -572720130 -16777729
            -200737 -196609 -571113601</internalNodes>
          <leafValues>
            -7.6786655187606812e-01 3.2908070087432861e-01</leafValues></_></weakClassifiers></_>
    <!-- stage 3 -->
    <_>
      <maxWeakCount>6</maxWeakCount>
      <stageThreshold>-2.3184893131256104e+00</stageThreshold>
      <weakClassifiers>
        <_>
          <internalNodes>
            0 -1 133 -169 -1 -1 -1 -1 -1 -1 -1</internalNodes>
          <leafValues>
            -9.0093237161636353e-01 1.0389610379934311e-01</leafValues></_>
        <_>
          <internalNodes>
            0 -1 7 -1064978 -2058 1527689101 -552600737 -83886081
            -67127813 -807411761 -1025</internalNodes>
          <leafValues>
            -8.2569378614425659e-01 1.6345825791358948e-01</leafValues></_>
        <_>
          <internalNodes>
            0 -1 50 -67143681 -41985 -211812353 2139028479 -1081475
            -1163401 -49291 -8913033</internalNodes>
          <leafValues>
            -6.1973339319229126e-01 4.0380072593688965e-01</leafValues></_>
        <_>
          <internalNodes>
            0 -1 123 -184549496 -262145 -10223620 -132106 1987968504
            -33555457 2117131480 -1351221249</internalNodes>
          <leafValues>
            -6.9812583923339844e-01 3.4061172604560852e-01</leafValues></_>
        <_>
          <internalNodes>
            0 -1 168 -268439641 -136323089 -268507338 2130369455
            -9961728 -151290909 -1180 -520701962</internalNodes>
          <leafValues>
            -5.9561312198638916e-01 3.6274510622024536e-01</leafValues></_>
        <_>
          <internalNodes>
            0 -1 72 939425727 -1081082052 -3609356 -5572698 -620922428
            1582166468 -50397188 2008940534</internalNodes>
          <leafValues>
            -6.0443776845932007e-01 3.6325094103813171e-01</leafValues></_></weakClassifiers></_>
    <!-- stage 4 -->
    <_>
      <maxWeakCount>8</maxWeakCount>
      <stageThreshold>-2.2503659725189209e+00</stageThreshold>
      <weakClassifiers>
        <_>
          <internalNodes>
            0 -1 113 -673 -513 -2621441 -1 -262145 -4613 -71304193 -1</internalNodes>
          <leafValues>
            -8.8600623607635498e-01 2.8294929862022400e-01</leafValues></_>
        <_>
          <internalNodes>
            0 -1 139 -10494185 -2097313 -1216348161 -132257 -4194593 -33
            -1073741825 -1</internalNodes>
          <leafValues>
            -6.6994273662567139e-01 4.1206267476081848e-01</leafValues></_>
        <_>
          <internalNodes>
            0 -1 162 -1073742849 -1434480901 -8519693 -1904545794
            -1140855873 -1359086593 -852737 -822349825</internalNodes>
          <leafValues>
            -6.0709726810455322e-01 3.8196846842765808e-01</leafValues></_>
        <_>
          <internalNodes>
            0 -1 10 -895308050 -1934692370 -536946835 1207912181 -66049
            -1073741825 -32769 -536871169</internalNodes>
          <leafValues>
            -6.5211278200149536e-01 3.6716654896736145e-01</leafValues></_>
        <_>
          <internalNodes>
            0 -1 93 -3179009 -1359020050 -2097153 -285409794 -165284
            -1044 -268636168 -17242140</internalNodes>
          <leafValues>
            -6.7469501495361328e-01 3.7112262845039368e-01</leafValues></_>
        <_>
          <internalNodes>
            0 -1 67 2013167615 1828611582 -75497477 -153454597 -33423
            -1696909 -1091403932 -97353868</internalNodes>
          <leafValues>
            -7.0906704664230347e-01 3.1129431724548340e-01</leafValues></_>
        <_>
          <internalNodes>
            0 -1 66 -517 -105473 -6295041 -117507219 -10741420 -4515297
            -75826724 -88424586</internalNodes>
          <leafValues>
            -4.6966683864593506e-01 4.6160146594047546e-01</leafValues></_>
        <_>
          <internalNodes>
            0 -1 167 -1077485 -415829 1187770160 -570474573 -38289548
            -805994637 2121965152 -721944645</internalNodes>
          <leafValues>
            -4.5236909389495850e-01 4.6767431497573853e-01</leafValues></_></weakClassifiers></_>
    <!-- stage 5 -->
    <_>
      <maxWeakCount>9</maxWeakCount>
      <stageThreshold>-2.3444421291351318e+00</stageThreshold>
      <weakClassifiers>
        <_>
          <internalNodes>
            0 -1 51 -288489473 -2148389 -655361 -2106913 -73400325 -1025
            -541066241 -9473</internalNodes>
          <leafValues>
            -8.8846713304519653e-01 -5.3968254476785660e-02</leafValues></_>
        <_>
          <internalNodes>
            0 -1 29 -1 -1025 -341845793 -4194305 -67141891 -557259
            2138406772 -8945801</internalNodes>
          <leafValues>
            -7.0118260383605957e-01 2.2896929085254669e-01</leafValues></_>
        <_>
          <internalNodes>
            0 -1 33 -828192277 -1148258835 -1653507081 -705204233
            -974537217 -33573953 -453586945 -12817</internalNodes>
          <leafValues>
            -4.9645742774009705e-01 4.4571039080619812e-01</leafValues></_>
        <_>
          <internalNodes>
            0 -1 142 -16427 -142607363 -8651268 -1073875972 -1678442500
            -262147 -834867304 2133065727</internalNodes>
          <leafValues>
            -5.0601315498352051e-01 4.3490341305732727e-01</leafValues></_>
        <_>
          <internalNodes>
            0 -1 37 -1074794497 -2169346 -436406274 2113224414 -73541122
            -543380547 -131138 83352058</internalNodes>
          <leafValues>
            -4.5244204998016357e-01 4.2363056540489197e-01</leafValues></_>
        <_>
          <internalNodes>
            0 -1 27 -19398913 -16778241 -621284162 -1171341698
            1467899004 1702361954 -53150004 -193725101</internalNodes>
          <leafValues>
            -5.0352883338928223e-01 3.9537453651428223e-01</leafValues></_>
        <_>
          <internalNodes>
            0 -1 137 939524095 268367613 -570427393 -1375765010 -1048577
            -1459684865 -1074135812 -1996491267</internalNodes>
          <leafValues>
            -4.3210408091545105e-01 4.2371076345443726e-01</leafValues></_>
        <_>
          <internalNodes>
            0 -1 165 -673190385 -5770449 -1359481104 -151062669
            -134226108 -831535513 -204473108 -218173442</internalNodes>
          <leafValues>
            -4.1848909854888916e-01 4.4176921248435974e-01</leafValues></_>
        <_>
          <internalNodes>
            0 -1 18 -352407809 -293666850 -296302550 -252649484
            -905979394 1073646959 -74168353 -235409546</internalNodes>
          <leafValues>
            -5.4145377874374390e-01 3.2235488295555115e-01</leafValues></_></weakClassifiers></_>
    <!-- stage 6 -->
    <_>
      <maxWeakCount>10</maxWeakCount>
      <stageThreshold>-2.5278437137603760e+00</stageThreshold>
      <weakClassifiers>
        <_>
          <internalNodes>
            0 -1 96 -35652265 -37 -4325377 -8705 -6291969 -280321
            -1145046017 -257</internalNodes>
          <leafValues>
            -8.8690304756164551e-01 -1.0091742873191833e-01</leafValues></_>
        <_>
          <internalNodes>
            0 -1 41 -2097153 -539265537 -539566593 2147472863 -5554305
            -9470601 -2457729 -8913033</internalNodes>
          <leafValues>
            -6.8291062116622925e-01 1.8923471868038177e-01</leafValues></_>
        <_>
          <internalNodes>
            0 -1 121 -18939899 -67797697 1056849817 -712655441
            2040739212 -301992973 1040005887 -114558017</internalNodes>
          <leafValues>
            -6.2776434421539307e-01 2.8236830234527588e-01</leafValues></_>
        <_>
          <internalNodes>
            0 -1 147 -1716263 804255728 -2229250 -860028972 -102793380
            1610610684 -134414348 -184745996</internalNodes>
          <leafValues>
            -6.7556309700012207e-01 2.5377452373504639e-01</leafValues></_>
        <_>
          <internalNodes>
            0 -1 71 2006706171 2141191132 -738793220 -38277192
            2110716398 1566889212 -331778 1461047294</internalNodes>
          <leafValues>
            -5.0669509172439575e-01 3.7590214610099792e-01</leafValues></_>
        <_>
          <internalNodes>
            0 -1 12 -809767729 -286462234 1599733135 -672303244
            -1527790613 -809314903 2147371515 1561282037</internalNodes>
          <leafValues>
            -4.9218267202377319e-01 3.7295135855674744e-01</leafValues></_>
        <_>
          <internalNodes>
            0 -1 132 -16389 749272910 -35651597 -286458892 895302909
            1601677822 -859874060 -51511816</internalNodes>
          <leafValues>
            -5.9945511817932129e-01 2.6619875431060791e-01</leafValues></_>
        <_>
          <internalNodes>
            0 -1 108 1039908791 2138963964 -1074397218 -268435722
            2121760764 -815923204 -1376060694 934772351</internalNodes>
          <leafValues>
            -3.6665865778923035e-01 4.7528043389320374e-01</leafValues></_>
        <_>
          <internalNodes>
            0 -1 111 -1209204745 -1518409764 -6291457 -1359152132
            -495236 -1904401414 -1179964 -289606460</internalNodes>
          <leafValues>
            -6.1110299825668335e-01 2.8069150447845459e-01</leafValues></_>
        <_>
          <internalNodes>
            0 -1 54 1377810590 -1343035400 21892253 1996431279
            2038070108 -545275217 859566011 801111039</internalNodes>
          <leafValues>
            -5.2079737186431885e-01 3.0366617441177368e-01</leafValues></_></weakClassifiers></_>
    <!-- stage 7 -->
    <_>
      <maxWeakCount>13</maxWeakCount>
      <stageThreshold>-2.5071692466735840e+00</stageThreshold>
      <weakClassifiers>
        <_>
          <internalNodes>
            0 -1 86 -168714053 -4482561 -740564993 -27817 -131073
            -2893057 -1143357441 -69218321</internalNodes>
          <leafValues>
            -8.9622467756271362e-01 -3.2814323902130127e-01</leafValues></_>
        <_>
          <internalNodes>
            0 -1 161 -33554945 -21037063 -306192389 -1929584673
            -1142947841 -1426260993 -1107307521 -1929379841</internalNodes>
          <leafValues>
            -6.9290435314178467e-01 1.5081711113452911e-01</leafValues></_>
        <_>
          <internalNodes>
            0 -1 124 -71 -1220685315 2147221416 2142108629 -134358020
            -132111 -609746950 1798831990</internalNodes>
          <leafValues>
            -5.0734972953796387e-01 3.4551042318344116e-01</leafValues></_>
        <_>
          <internalNodes>
            0 -1 85 2130673407 -39895169 -274997251 -4579329 -2614018
            -492583 -491590 -13467792</internalNodes>
          <leafValues>
            -4.2822521924972534e-01 4.0114378929138184e-01</leafValues></_>
        <_>
          <internalNodes>
            0 -1 116 -4335867 -8913125 1577024991 -172048611 -75590708
            -23553 -25165889 -14811345</internalNodes>
          <leafValues>
            -3.9822125434875488e-01 4.1833111643791199e-01</leafValues></_>
        <_>
          <internalNodes>
            0 -1 17 -298865449 -320164186 -27376578 -541182304 -67113810
            -1090912401 -226529537 -236454281</internalNodes>
          <leafValues>
            -3.4927058219909668e-01 4.6174848079681396e-01</leafValues></_>
        <_>
          <internalNodes>
            0 -1 80 -32777 -1653804556 -1111692356 -271582284 1608735732
            2111239160 -83997062 1962409974</internalNodes>
          <leafValues>
            -4.4336375594139099e-01 3.5508558154106140e-01</leafValues></_>
        <_>
          <internalNodes>
            0 -1 160 -1610612937 1004173629 -1890346078 -1418745875
            -203686913 2113866485 -407175244 -151027713</internalNodes>
          <leafValues>
            -4.1087728738784790e-01 3.7019672989845276e-01</leafValues></_>
        <_>
          <internalNodes>
            0 -1 25 -137199617 -18940450 -621479302 -590086 -906429575
            259430007 -164608178 1962934107</internalNodes>
          <leafValues>
            -4.6131625771522522e-01 3.3764946460723877e-01</leafValues></_>
        <_>
          <internalNodes>
            0 -1 61 -1766134805 -1078001922 -42668450 1975385952
            1635610525 771210236 -86324229 889158527</internalNodes>
          <leafValues>
            -4.0925243496894836e-01 3.7927460670471191e-01</leafValues></_>
        <_>
          <internalNodes>
            0 -1 49 -98433 -1090686465 -3407884 -226985473 1006534260
            -132747 -415859856 -93030576</internalNodes>
          <leafValues>
            -6.7095321416854858e-01 2.1446794271469116e-01</leafValues></_>
        <_>
          <internalNodes>
            0 -1 64 2147481599 -555941891 -16977924 -5246978 -16883732
            1603338104 -17797394 2113887959</internalNodes>
          <leafValues>
            -3.3834803104400635e-01 4.3343001604080200e-01</leafValues></_>
        <_>
          <internalNodes>
            0 -1 57 -539508993 1056371583 -687871497 1996160490
            2071089628 2077809435 -275330308 -17367212</internalNodes>
          <leafValues>
            -5.2207529544830322e-01 2.9664298892021179e-01</leafValues></_></weakClassifiers></_>
    <!-- stage 8 -->
    <_>
      <maxWeakCount>11</maxWeakCount>
      <stageThreshold>-2.4891350269317627e+00</stageThreshold>
      <weakClassifiers>
        <_>
          <internalNodes>
            0 -1 101 -145099947 -2109225 526254079 -2236929 -91488321
            -2098437 -6045697 -4210689</internalNodes>
          <leafValues>
            -8.8813132047653198e-01 -2.7315467596054077e-01</leafValues></_>
        <_>
          <internalNodes>
            0 -1 118 -8388611 1060367332 -5324820 -1074790401 1874819582
            2147449854 2063392478 670531455</internalNodes>
          <leafValues>
            -6.6928565502166748e-01 1.0769297927618027e-01</leafValues></_>
        <_>
          <internalNodes>
            0 -1 76 -1365067334 -102130208 -1619567105 -37923851
            -1717706757 -1100087809 -1074420737 -1145086467</internalNodes>
          <leafValues>
            -4.6665570139884949e-01 3.6272758245468140e-01</leafValues></_>
        <_>
          <internalNodes>
            0 -1 31 2147383807 -2103393 2126479359 2147211519 -876644853
            2146663543 -4760205 -8913033</internalNodes>
          <leafValues>
            -4.5073157548904419e-01 3.5262012481689453e-01</leafValues></_>
        <_>
          <internalNodes>
            0 -1 56 2054160383 268235775 -539960336 -591882 -587441924
            1576319870 -1078526118 2130706394</internalNodes>
          <leafValues>
            -4.0349942445755005e-01 3.9561218023300171e-01</leafValues></_>
        <_>
          <internalNodes>
            0 -1 155 -173818621 -71607433 1531657087 2105277437
            -151655936 -1107821985 -2071986434 2052511743</internalNodes>
          <leafValues>
            -4.5895016193389893e-01 3.5393092036247253e-01</leafValues></_>
        <_>
          <internalNodes>
            0 -1 94 1524178935 1603983356 2144696827 1005756378
            1439849469 2146455294 2008775164 867184826</internalNodes>
          <leafValues>
            -4.7363927960395813e-01 3.0950379371643066e-01</leafValues></_>
        <_>
          <internalNodes>
            0 -1 20 -19469569 1869676278 -663305514 -1122326 -628593994
            1274198903 -269345826 1157619670</internalNodes>
          <leafValues>
            -5.5240905284881592e-01 2.6949998736381531e-01</leafValues></_>
        <_>
          <internalNodes>
            0 -1 13 -827593509 -186220378 2114835935 -1175507072
            -54530305 -81232974 1871601407 -235450914</internalNodes>
          <leafValues>
            -3.7752708792686462e-01 3.8586771488189697e-01</leafValues></_>
        <_>
          <internalNodes>
            0 -1 24 -302059777 2092884860 824760435 -68930 1531758836
            -35856187 -439321132 -49218444</internalNodes>
          <leafValues>
            -5.4687017202377319e-01 2.5276598334312439e-01</leafValues></_>
        <_>
          <internalNodes>
            0 -1 82 -1075872769 1211617756 -636567380 -138550788
            1878286196 1293719740 -201523782 1580728311</internalNodes>
          <leafValues>
            -3.5645452141761780e-01 3.8387718796730042e-01</leafValues></_></weakClassifiers></_>
    <!-- stage 9 -->
    <_>
      <maxWeakCount>12</maxWeakCount>
      <stageThreshold>-2.4541473388671875e+00</stageThreshold>
      <weakClassifiers>
        <_>
          <internalNodes>
            0 -1 34 -356319233 -452389 -76980737 -6876741 -22283265 -789
            -12870657 -3145729</internalNodes>
          <leafValues>
            -8.8798147439956665e-01 -3.1849911808967590e-01</leafValues></_>
        <_>
          <internalNodes>
            0 -1 138 -6291969 -1886537313 -2228737 -1914724387
            -1082417153 -1996493921 1610547199 -1996488705</internalNodes>
          <leafValues>
            -6.7024594545364380e-01 1.2474260479211807e-01</leafValues></_>
        <_>
          <internalNodes>
            0 -1 99 2080374783 -46344716 -673460748 -37814792 -12780548
            2103285884 -5378 2143285246</internalNodes>
          <leafValues>
            -4.5556345582008362e-01 3.6099466681480408e-01</leafValues></_>
        <_>
          <internalNodes>
            0 -1 52 363004072 2147483054 663134033 935329757 -94226
            -264005 938106847 2145385471</internalNodes>
          <leafValues>
            -6.5792161226272583e-01 2.3582412302494049e-01</leafValues></_>
        <_>
          <internalNodes>
            0 -1 109 1063238649 2136603573 -343805004 -1078141444
            1501002684 2132634620 -16860290 900463543</internalNodes>
          <leafValues>
            -3.9326891303062439e-01 3.6659252643585205e-01</leafValues></_>
        <_>
          <internalNodes>
            0 -1 127 2147475411 -1078001928 -50462992 -570458392 -163852
            1852899317 -659458 1463287782</internalNodes>
          <leafValues>
            -3.4171131253242493e-01 4.0999811887741089e-01</leafValues></_>
        <_>
          <internalNodes>
            0 -1 21 -318771521 -218844714 -288434028 -17900834
            1975452607 1849102787 907695231 -19399051</internalNodes>
          <leafValues>
            -4.0247449278831482e-01 3.5576802492141724e-01</leafValues></_>
        <_>
          <internalNodes>
            0 -1 74 1610571775 -33922601 -228590339 2147147263
            -115191498 2113888343 -11502772 -76383888</internalNodes>
          <leafValues>
            -4.9732837080955505e-01 2.9288530349731445e-01</leafValues></_>
        <_>
          <internalNodes>
            0 -1 106 1460203252 351599612 -1082589348 -1610678304
            2070314956 -70149445 -251895938 553090423</internalNodes>
          <leafValues>
            -5.3632444143295288e-01 2.2993527352809906e-01</leafValues></_>
        <_>
          <internalNodes>
            0 -1 88 1861483167 -318178308 -1839402276 -1073874948
            -637642340 1540861887 -85434372 671050751</internalNodes>
          <leafValues>
            -3.3374503254890442e-01 3.7055143713951111e-01</leafValues></_>
        <_>
          <internalNodes>
            0 -1 134 -290321260 -541115313 2006875382 -1112152099
            -31810054 -106727189 -252134355 -1349378051</internalNodes>
          <leafValues>
            -4.2065337300300598e-01 3.1971997022628784e-01</leafValues></_>
        <_>
          <internalNodes>
            0 -1 146 -1073850399 670685904 -67088 1866001112 -605061296
            -78151249 -67305616 -318964752</internalNodes>
          <leafValues>
            -6.4504349231719971e-01 1.9840225577354431e-01</leafValues></_></weakClassifiers></_>
    <!-- stage 10 -->
    <_>
      <maxWeakCount>15</maxWeakCount>
      <stageThreshold>-2.7844460010528564e+00</stageThreshold>
      <weakClassifiers>
        <_>
          <internalNodes>
            0 -1 86 -185490789 -105803366 -740371971 -33574025
            -206717185 -2893313 -1143078913 -6303857</internalNodes>
          <leafValues>
            -8.9740908145904541e-01 -4.6370023488998413e-01</leafValues></_>
        <_>
          <internalNodes>
            0 -1 170 -1073741825 -1074874946 -1756378121 -1376193540
            -1090523169 851155890 -1579156497 -1996558849</internalNodes>
          <leafValues>
            -7.1036911010742188e-01 4.4322889298200607e-02</leafValues></_>
        <_>
          <internalNodes>
            0 -1 55 2065672703 -19089412 -234031268 -1074266276
            -553898054 -652689474 -135499778 84770782</internalNodes>
          <leafValues>
            -5.3361266851425171e-01 2.3945154249668121e-01</leafValues></_>
        <_>
          <internalNodes>
            0 -1 166 -14543 -263273 -1761091167 1440346455 -3231968
            -302091544 -1059341330 -155713545</internalNodes>
          <leafValues>
            -3.8150426745414734e-01 3.8794597983360291e-01</leafValues></_>
        <_>
          <internalNodes>
            0 -1 152 -1103381511 -1362339938 -1543766017 -1359306756
            1034681341 -1359058435 805224445 -1929736708</internalNodes>
          <leafValues>
            -5.0954329967498779e-01 2.8663673996925354e-01</leafValues></_>
        <_>
          <internalNodes>
            0 -1 81 320830463 -1156390924 -2102510764 -1026 -635647492
            1599523276 -16850946 1978105855</internalNodes>
          <leafValues>
            -3.3919396996498108e-01 3.7785729765892029e-01</leafValues></_>
        <_>
          <internalNodes>
            0 -1 70 -1079050497 -1429669122 -60893474 -287506468
            1587183582 2080287742 -77276802 -17769500</internalNodes>
          <leafValues>
            -6.1745846271514893e-01 2.1208541095256805e-01</leafValues></_>
        <_>
          <internalNodes>
            0 -1 140 -597830640 -67076 -553487474 2110256830 2076119738
            -2409733 749600671 -537150530</internalNodes>
          <leafValues>
            -4.5743823051452637e-01 2.7561944723129272e-01</leafValues></_>
        <_>
          <internalNodes>
            0 -1 112 2126444543 1058329588 -673735715 -66084 -40338507
            1046277112 -1396938148 1051686910</internalNodes>
          <leafValues>
            -3.9553070068359375e-01 3.2561734318733215e-01</leafValues></_>
        <_>
          <internalNodes>
            0 -1 115 2013001585 -1155616387 -787358864 -1749625608
            -71341068 2104853436 -66946 800062458</internalNodes>
          <leafValues>
            -3.6065918207168579e-01 3.4481796622276306e-01</leafValues></_>
        <_>
          <internalNodes>
            0 -1 75 -1473598448 -642885950 928757246 -840584204
            -1182212097 -67426053 1605608952 464864448</internalNodes>
          <leafValues>
            -4.5750734210014343e-01 2.5702494382858276e-01</leafValues></_>
        <_>
          <internalNodes>
            0 -1 65 -195040321 -26305037 -568422924 -134287502
            2090752152 -573547856 -861356 397934454</internalNodes>
          <leafValues>
            -4.5392480492591858e-01 2.5875312089920044e-01</leafValues></_>
        <_>
          <internalNodes>
            0 -1 43 -403706653 -2068939070 -1012931458 -577907808
            -1163210753 -1383204425 -1257242689 -679541596</internalNodes>
          <leafValues>
            -3.9438292384147644e-01 3.1874150037765503e-01</leafValues></_>
        <_>
          <internalNodes>
            0 -1 19 -285294593 -545456133 -16843010 -1048594 2013167615
            1593180159 -16875790 1568660959</internalNodes>
          <leafValues>
            -2.5432914495468140e-01 4.7988587617874146e-01</leafValues></_>
        <_>
          <internalNodes>
            0 -1 130 -1376419843 -1618218500 -618408092 1876878332
            -73815052 2142235871 -50659851 -97977424</internalNodes>
          <leafValues>
            -5.3086936473846436e-01 2.4673558771610260e-01</leafValues></_></weakClassifiers></_>
    <!-- stage 11 -->
    <_>
      <maxWeakCount>14</maxWeakCount>
      <stageThreshold>-2.4366419315338135e+00</stageThreshold>
      <weakClassifiers>
        <_>
          <internalNodes>
            0 -1 117 -1 -8403017 -1616904263 -2364481 2065693438
            -8412229 521108399 1069547519</internalNodes>
          <leafValues>
            -8.7316721677780151e-01 -3.3818939328193665e-01</leafValues></_>
        <_>
          <internalNodes>
            0 -1 58 -548405249 -47145 -135268385 1601437567 -12633219
            -71402905 -1154580609 -9216129</internalNodes>
          <leafValues>
            -6.2862020730972290e-01 1.4266011118888855e-01</leafValues></_>
        <_>
          <internalNodes>
            0 -1 95 822951834 1772824203 -1752304644 -21109777
            -514724954 -1699988856 -1208627206 2136341183</internalNodes>
          <leafValues>
            -4.6349674463272095e-01 2.7957525849342346e-01</leafValues></_>
        <_>
          <internalNodes>
            0 -1 1 -930435094 -1109207608 1476074493 -33587205
            -103941377 -69043521 -37126402 2146430959</internalNodes>
          <leafValues>
            -4.2699030041694641e-01 3.1943491101264954e-01</leafValues></_>
        <_>
          <internalNodes>
            0 -1 14 -901845249 -67228946 1876823540 2146914152 -52527105
            -17172482 1322020607 1979181055</internalNodes>
          <leafValues>
            -3.3350893855094910e-01 3.8567769527435303e-01</leafValues></_>
        <_>
          <internalNodes>
            0 -1 63 2147385279 2138177452 -69636 -5243460 -17924130
            1501363452 -8194 1562369919</internalNodes>
          <leafValues>
            -3.0049192905426025e-01 4.1252368688583374e-01</leafValues></_>
        <_>
          <internalNodes>
            0 -1 26 1876938495 1878845181 -653594145 -4689442 -70329644
            -63906972 2136239924 2117104400</internalNodes>
          <leafValues>
            -6.8592387437820435e-01 2.0157346129417419e-01</leafValues></_>
        <_>
          <internalNodes>
            0 -1 105 2127363837 -1078166593 -312117449 -291701776
            -1073908228 1069238719 -1246380 -1359118521</internalNodes>
          <leafValues>
            -3.9007660746574402e-01 3.4879684448242188e-01</leafValues></_>
        <_>
          <internalNodes>
            0 -1 159 1338768689 1063230245 358472112 958265742
            -538969091 1073450913 -67126276 1457520631</internalNodes>
          <leafValues>
            -3.5514318943023682e-01 3.4617894887924194e-01</leafValues></_>
        <_>
          <internalNodes>
            0 -1 39 2129559423 -1895890946 -1074463056 -269484076
            -553758721 1308425838 -1099510050 1325399903</internalNodes>
          <leafValues>
            -2.9644802212715149e-01 4.2296954989433289e-01</leafValues></_>
        <_>
          <internalNodes>
            0 -1 119 1006099191 -1141120514 -1488849953 -292757796
            -268862498 -67182102 -1150486148 -19076108</internalNodes>
          <leafValues>
            -5.5243033170700073e-01 2.5913369655609131e-01</leafValues></_>
        <_>
          <internalNodes>
            0 -1 150 901503999 -1433914408 -745932809 -538256900
            424147957 1054452651 635769077 -385901316</internalNodes>
          <leafValues>
            -4.5514294505119324e-01 2.6499754190444946e-01</leafValues></_>
        <_>
          <internalNodes>
            0 -1 45 -558201154 501924842 -566566242 757404484 -656800855
            1526702267 -78979272 394222422</internalNodes>
          <leafValues>
            -4.8788470029830933e-01 2.4764439463615417e-01</leafValues></_>
        <_>
          <internalNodes>
            0 -1 163 1066923967 782111834 1805121015 176076796
            1004076535 1039392973 1559919324 -1896956164</internalNodes>
          <leafValues>
            -5.5066931247711182e-01 1.9785088300704956e-01</leafValues></_></weakClassifiers></_>
    <!-- stage 12 -->
    <_>
      <maxWeakCount>14</maxWeakCount>
      <stageThreshold>-2.0947394371032715e+00</stageThreshold>
      <weakClassifiers>
        <_>
          <internalNodes>
            0 -1 29 -177876771 -572550693 -1056881539 -203599393
            -1039994119 -1851523067 1225027909 2135391031</internalNodes>
          <leafValues>
            -7.6917791366577148e-01 2.5289326906204224e-02</leafValues></_>
        <_>
          <internalNodes>
            0 -1 118 -44442625 286490689 -1725200344 -1861402403
            1790917070 2046951564 2124422958 801600379</internalNodes>
          <leafValues>
            -4.5439437031745911e-01 4.4636431336402893e-01</leafValues></_>
        <_>
          <internalNodes>
            0 -1 16 2129440765 -537722888 -70402 1341116380 -65538
            -285278210 -229634 1121931215</internalNodes>
          <leafValues>
            -3.9387449622154236e-01 4.4624719023704529e-01</leafValues></_>
        <_>
          <internalNodes>
            0 -1 100 -92241231 -246808164 -1358360102 558968913
            -796869922 -1316995064 1073748923 55327499</internalNodes>
          <leafValues>
            -3.7596651911735535e-01 4.2954322695732117e-01</leafValues></_>
        <_>
          <internalNodes>
            0 -1 126 1467847639 -1087373232 302043658 -1929248564
            2039560825 -2008764368 -108283012 1934095303</internalNodes>
          <leafValues>
            -3.4704369306564331e-01 4.3337857723236084e-01</leafValues></_>
        <_>
          <internalNodes>
            0 -1 129 2134507461 1060237173 800780212 1068171064
            1451130814 2122284927 1830841102 212729855</internalNodes>
          <leafValues>
            -3.4608697891235352e-01 4.4967085123062134e-01</leafValues></_>
        <_>
          <internalNodes>
            0 -1 60 -274020120 -253316702 132103797 1374942912
            -1888757761 -1377636493 -990388275 476419191</internalNodes>
          <leafValues>
            -3.4738236665725708e-01 4.3063917756080627e-01</leafValues></_>
        <_>
          <internalNodes>
            0 -1 169 -36310019 1406272320 -251613182 690004608
            -217063285 -1257996288 1808530379 39885054</internalNodes>
          <leafValues>
            -3.7321600317955017e-01 3.8589116930961609e-01</leafValues></_>
        <_>
          <internalNodes>
            0 -1 47 318959815 -1682775988 4378 -338636670 673185920
            270696449 277516366 1483996158</internalNodes>
          <leafValues>
            -4.9369096755981445e-01 2.7190983295440674e-01</leafValues></_>
        <_>
          <internalNodes>
            0 -1 148 1937758617 2147483643 -1087373378 796393471
            -268695830 2147483517 586528702 662175723</internalNodes>
          <leafValues>
            -2.6574707031250000e-01 5.3058391809463501e-01</leafValues></_>
        <_>
          <internalNodes>
            0 -1 78 2044153040 831787743 -789561234 -841262601 402657966
            1032355987 -1139734306 1694481015</internalNodes>
          <leafValues>
            -3.4291058778762817e-01 4.1117361187934875e-01</leafValues></_>
        <_>
          <internalNodes>
            0 -1 73 -766266369 -724250352 -1862266788 90079696
            -759152260 1124208648 723671892 980582270</internalNodes>
          <leafValues>
            -6.0921072959899902e-01 2.2935540974140167e-01</leafValues></_>
        <_>
          <internalNodes>
            0 -1 144 1363841367 352620544 453007960 -1660845888
            -1604674843 1493762049 -1156843168 1097052407</internalNodes>
          <leafValues>
            -5.2647548913955688e-01 2.5371205806732178e-01</leafValues></_>
        <_>
          <internalNodes>
            0 -1 9 -706119982 -642052119 -1900082578 828709839
            -902164610 284261885 480804767 60091899</internalNodes>
          <leafValues>
            -3.1543004512786865e-01 4.4707548618316650e-01</leafValues></_></weakClassifiers></_>
    <!-- stage 13 -->
    <_>
      <maxWeakCount>16</maxWeakCount>
      <stageThreshold>-2.1799767017364502e+00</stageThreshold>
      <weakClassifiers>
        <_>
          <internalNodes>
            0 -1 40 -644090881 -782774159 -218033705 -2101027
            -1743209601 -1148286910 -627434743 -75519889</internalNodes>
          <leafValues>
            -6.8697685003280640e-01 1.4651311933994293e-01</leafValues></_>
        <_>
          <internalNodes>
            0 -1 36 -427120504 -679214822 1073844553 1470316789
            -1476353911 -1342111605 16523 1163592075</internalNodes>
          <leafValues>
            -5.1416206359863281e-01 3.2737296819686890e-01</leafValues></_>
        <_>
          <internalNodes>
            0 -1 87 1459936208 1010733790 -989064672 -275835994
            980228764 848363763 -1229095090 1689649762</internalNodes>
          <leafValues>
            -5.6416302919387817e-01 2.9357913136482239e-01</leafValues></_>
        <_>
          <internalNodes>
            0 -1 110 -1030369033 -1992228156 12582992 -1651310448
            -1296498500 1542914812 2078833470 917711415</internalNodes>
          <leafValues>
            -4.1408947110176086e-01 3.7078201770782471e-01</leafValues></_>
        <_>
          <internalNodes>
            0 -1 135 -1847606987 -1286553492 -2122186308 -752286727
            975720504 1359546537 -1149719618 900950847</internalNodes>
          <leafValues>
            -3.7116396427154541e-01 3.9345046877861023e-01</leafValues></_>
        <_>
          <internalNodes>
            0 -1 53 2047127264 432980048 -112185887 562105664 -805265007
            -1174404991 -234137061 1881800729</internalNodes>
          <leafValues>
            -4.1831693053245544e-01 3.5437637567520142e-01</leafValues></_>
        <_>
          <internalNodes>
            0 -1 131 2069201879 -1760427760 302064284 261292060
            -73327855 1208027136 -398397656 2001204051</internalNodes>
          <leafValues>
            -3.4336385130882263e-01 4.0321767330169678e-01</leafValues></_>
        <_>
          <internalNodes>
            0 -1 28 -21168129 -1097801 2130706431 1601945470 2147008506
            -1224839745 -9142914 -680444107</internalNodes>
          <leafValues>
            -3.2315692305564880e-01 4.1452300548553467e-01</leafValues></_>
        <_>
          <internalNodes>
            0 -1 103 1588530304 -1583841251 -1627352829 -687275778
            629218990 437256328 627531580 635126278</internalNodes>
          <leafValues>
            -5.5644971132278442e-01 2.3681356012821198e-01</leafValues></_>
        <_>
          <internalNodes>
            0 -1 91 827943807 1026555905 1075970149 -1554128772
            1352433800 1933910089 -206419318 603929463</internalNodes>
          <leafValues>
            -3.2778733968734741e-01 4.1850066184997559e-01</leafValues></_>
        <_>
          <internalNodes>
            0 -1 68 2082602743 395116286 -16974052 2145779711 2138885916
            534183420 -16847142 671049327</internalNodes>
          <leafValues>
            -2.7972421050071716e-01 4.7878563404083252e-01</leafValues></_>
        <_>
          <internalNodes>
            0 -1 136 2147434367 1073610685 -131074 -269680900 -37748740
            -2022375427 -268464418 926021618</internalNodes>
          <leafValues>
            -3.4491798281669617e-01 4.0424033999443054e-01</leafValues></_>
        <_>
          <internalNodes>
            0 -1 145 1868417713 2067890310 -2146381731 387154057
            966985904 -1065156606 -1593202181 251589330</internalNodes>
          <leafValues>
            -3.6585181951522827e-01 3.4844276309013367e-01</leafValues></_>
        <_>
          <internalNodes>
            0 -1 44 511631099 -1854237646 -1877976804 767935237
            -1867972439 -1951875070 -905836392 1148537850</internalNodes>
          <leafValues>
            -3.8186946511268616e-01 3.3691185712814331e-01</leafValues></_>
        <_>
          <internalNodes>
            0 -1 35 -588076305 -626282510 2147450237 570371929
            1593110527 -1761673217 -268689924 1743732735</internalNodes>
          <leafValues>
            -3.0600637197494507e-01 4.3352788686752319e-01</leafValues></_>
        <_>
          <internalNodes>
            0 -1 62 1157886331 374997279 -2147363828 -1981918948
            -1073086320 1127363001 -91592676 840268698</internalNodes>
          <leafValues>
            -4.7203978896141052e-01 2.6983237266540527e-01</leafValues></_></weakClassifiers></_>
    <!-- stage 14 -->
    <_>
      <maxWeakCount>16</maxWeakCount>
      <stageThreshold>-2.0455267429351807e+00</stageThreshold>
      <weakClassifiers>
        <_>
          <internalNodes>
            0 -1 151 -147566241 -596639470 -796827361 -1920499639
            -615777285 143295112 -73811521 150983163</internalNodes>
          <leafValues>
            -7.5029557943344116e-01 -5.1396194845438004e-02</leafValues></_>
        <_>
          <internalNodes>
            0 -1 50 -796527395 -99004333 1088012767 2036056575
            -1467318456 -16117215 -905434576 -8934585</internalNodes>
          <leafValues>
            -5.2292871475219727e-01 2.4484536051750183e-01</leafValues></_>
        <_>
          <internalNodes>
            0 -1 101 -140913840 -140534561 1065353151 2147343103
            -6316664 -2129957 1017582843 1067300447</internalNodes>
          <leafValues>
            -3.0273786187171936e-01 4.8408612608909607e-01</leafValues></_>
        <_>
          <internalNodes>
            0 -1 89 2006835181 -1082261524 -302710866 -1348080276
            -44605732 1592950780 2130108363 771194603</internalNodes>
          <leafValues>
            -3.0331966280937195e-01 4.4724610447883606e-01</leafValues></_>
        <_>
          <internalNodes>
            0 -1 143 2147368853 -131084 -4 -1073872904 -578913188 -132
            1580662654 789575527</internalNodes>
          <leafValues>
            -3.2274162769317627e-01 4.1077703237533569e-01</leafValues></_>
        <_>
          <internalNodes>
            0 -1 38 379355583 -614809198 -1069490158 2112807898
            1509982922 -2138963960 -1068711768 1215787595</internalNodes>
          <leafValues>
            -3.8702929019927979e-01 3.1250536441802979e-01</leafValues></_>
        <_>
          <internalNodes>
            0 -1 48 1360544223 894702077 269785096 -816246698 1242055312
            405835960 -903270514 1893645071</internalNodes>
          <leafValues>
            -3.6475589871406555e-01 3.5257285833358765e-01</leafValues></_>
        <_>
          <internalNodes>
            0 -1 114 -753728523 -47153088 -1996422988 -1391591012
            1346079628 2064255128 515258990 46649790</internalNodes>
          <leafValues>
            -3.9991152286529541e-01 3.3365124464035034e-01</leafValues></_>
        <_>
          <internalNodes>
            0 -1 32 -536440828 -607907630 562264341 1058910809
            -754339589 -795869055 1762233256 1329235743</internalNodes>
          <leafValues>
            -3.5643747448921204e-01 3.4422728419303894e-01</leafValues></_>
        <_>
          <internalNodes>
            0 -1 79 1902171103 -1907881512 285360828 -2019752964
            167912116 1954742409 -1279653058 96461624</internalNodes>
          <leafValues>
            -4.1757673025131226e-01 3.0526030063629150e-01</leafValues></_>
        <_>
          <internalNodes>
            0 -1 98 -782806883 1930854408 16908427 1461227548
            -1571972440 -91387894 -493184328 616000383</internalNodes>
          <leafValues>
            -3.9669653773307800e-01 3.5501015186309814e-01</leafValues></_>
        <_>
          <internalNodes>
            0 -1 104 1026494976 -849833965 1160218884 1158561951
            221889160 -1744535358 604404334 938436922</internalNodes>
          <leafValues>
            -6.3124662637710571e-01 2.1114604175090790e-01</leafValues></_>
        <_>
          <internalNodes>
            0 -1 77 2075053410 396565062 -839017682 742398822 2040345501
            964788608 2072521372 653522975</internalNodes>
          <leafValues>
            -4.3183833360671997e-01 2.7293491363525391e-01</leafValues></_>
        <_>
          <internalNodes>
            0 -1 15 -388316961 -96313142 277086348 -107509506 -746503957
            1258295427 277027231 1993157351</internalNodes>
          <leafValues>
            -3.5380813479423523e-01 3.5805755853652954e-01</leafValues></_>
        <_>
          <internalNodes>
            0 -1 141 2077998997 -1074397193 -1086345420 -1073741827
            1878982078 -268566532 799981118 1583677118</internalNodes>
          <leafValues>
            -2.6211336255073547e-01 4.6065944433212280e-01</leafValues></_>
        <_>
          <internalNodes>
            0 -1 42 -236721034 -579190866 922480355 1496835457
            -404904197 363724670 2147031599 58564347</internalNodes>
          <leafValues>
            -2.4515509605407715e-01 4.9527260661125183e-01</leafValues></_></weakClassifiers></_>
    <!-- stage 15 -->
    <_>
      <maxWeakCount>15</maxWeakCount>
      <stageThreshold>-2.3834109306335449e+00</stageThreshold>
      <weakClassifiers>
        <_>
          <internalNodes>
            0 -1 69 -252460805 -772601464 -788525043 1541259645
            -1557493586 -493256696 -1178987845 2132537019</internalNodes>
          <leafValues>
            -6.4178019762039185e-01 1.9497908651828766e-01</leafValues></_>
        <_>
          <internalNodes>
            0 -1 97 1605688309 425496788 365693212 -1920155156
            -802391620 -259227253 1368932956 -1361118346</internalNodes>
          <leafValues>
            -5.4140901565551758e-01 2.5853511691093445e-01</leafValues></_>
        <_>
          <internalNodes>
            0 -1 120 -605561763 -536928289 1516208091 1367242717
            -1751408488 -1119879173 1937480346 461070099</internalNodes>
          <leafValues>
            -3.3522269129753113e-01 4.6324717998504639e-01</leafValues></_>
        <_>
          <internalNodes>
            0 -1 157 -238035075 -112422520 86072 -1874841056 1489500669
            -767027200 -79511684 1495330790</internalNodes>
          <leafValues>
            -5.0315177440643311e-01 3.1547316908836365e-01</leafValues></_>
        <_>
          <internalNodes>
            0 -1 154 -579502071 2136340473 2146940543 -1118453796
            574521992 -25395457 527564174 390021071</internalNodes>
          <leafValues>
            -3.3190202713012695e-01 4.0061771869659424e-01</leafValues></_>
        <_>
          <internalNodes>
            0 -1 107 -1082148975 -1082728455 2147417900 1072562140
            -25198596 1599471613 1878442639 938966463</internalNodes>
          <leafValues>
            -3.2326677441596985e-01 4.0366208553314209e-01</leafValues></_>
        <_>
          <internalNodes>
            0 -1 23 2130640895 -545980545 -65554 -71565314 -285806851
            -193692169 -996146 2608799</internalNodes>
          <leafValues>
            -2.9312783479690552e-01 4.5165008306503296e-01</leafValues></_>
        <_>
          <internalNodes>
            0 -1 30 1561532841 -913206950 4391118 1591644442 327295613
            -745832288 1241661744 1466000145</internalNodes>
          <leafValues>
            -6.2363648414611816e-01 2.2328607738018036e-01</leafValues></_>
        <_>
          <internalNodes>
            0 -1 0 -169024281 1596168245 1862041314 1899186352
            1283165932 124587871 16733327 431714223</internalNodes>
          <leafValues>
            -2.6853489875793457e-01 5.0906068086624146e-01</leafValues></_>
        <_>
          <internalNodes>
            0 -1 46 1898161081 934298085 25294906 -807927868 -2130005878
            1501561018 -234188098 1559223126</internalNodes>
          <leafValues>
            -3.6584192514419556e-01 3.4743776917457581e-01</leafValues></_>
        <_>
          <internalNodes>
            0 -1 83 -561253921 387957600 1064975 -972636068 2038432564
            407433369 -1557509624 817279558</internalNodes>
          <leafValues>
            -5.5842661857604980e-01 2.1506483852863312e-01</leafValues></_>
        <_>
          <internalNodes>
            0 -1 156 -1108412743 2144862207 1050329012 -10682695
            1073488808 -1073741834 784333998 1907867574</internalNodes>
          <leafValues>
            -3.0595490336418152e-01 4.1656547784805298e-01</leafValues></_>
        <_>
          <internalNodes>
            0 -1 59 1074858970 1468363231 -2059269920 2007058756
            817509763 -1148706806 -1950252096 2010528314</internalNodes>
          <leafValues>
            -4.4395947456359863e-01 2.9441386461257935e-01</leafValues></_>
        <_>
          <internalNodes>
            0 -1 125 -570622147 1072955389 -134742100 -268566548
            -571114155 1163263956 -16843010 1395654499</internalNodes>
          <leafValues>
            -3.4922790527343750e-01 3.7309256196022034e-01</leafValues></_>
        <_>
          <internalNodes>
            0 -1 164 -87844433 1377304727 1149518171 1929724569
            -1064711616 -1173880695 -1992062230 1111614030</internalNodes>
          <leafValues>
            -4.0410575270652771e-01 3.3759844303131104e-01</leafValues></_></weakClassifiers></_></stages>
  <features>
    <_>
      <rect>
        0 0 1 1</rect></_>
    <_>
      <rect>
        0 0 3 3</rect></_>
    <_>
      <rect>
        0 0 5 2</rect></_>
    <_>
      <rect>
        0 0 5 7</rect></_>
    <_>
      <rect>
        0 0 5 8</rect></_>
    <_>
      <rect>
        0 0 6 1</rect></_>
    <_>
      <rect>
        0 0 8 3</rect></_>
    <_>
      <rect>
        0 0 8 5</rect></_>
    <_>
      <rect>
        0 0 8 6</rect></_>
    <_>
      <rect>
        0 1 1 1</rect></_>
    <_>
      <rect>
        0 1 4 4</rect></_>
    <_>
      <rect>
        0 1 8 6</rect></_>
    <_>
      <rect>
        0 4 2 2</rect></_>
    <_>
      <rect>
        0 4 2 3</rect></_>
    <_>
      <rect>
        0 6 2 3</rect></_>
    <_>
      <rect>
        0 7 2 2</rect></_>
    <_>
      <rect>
        0 7 3 4</rect></_>
    <_>
      <rect>
        0 8 1 2</rect></_>
    <_>
      <rect>
        0 9 2 2</rect></_>
    <_>
      <rect>
        0 9 3 4</rect></_>
    <_>
      <rect>
        0 9 4 3</rect></_>
    <_>
      <rect>
        0 10 1 2</rect></_>
    <_>
      <rect>
        0 11 2 1</rect></_>
    <_>
      <rect>
        0 11 3 3</rect></_>
    <_>
      <rect>
        0 13 1 3</rect></_>
    <_>
      <rect>
        0 13 4 2</rect></_>
    <_>
      <rect>
        0 15 2 3</rect></_>
    <_>
      <rect>
        0 16 2 1</rect></_>
    <_>
      <rect>
        0 18 1 2</rect></_>
    <_>
      <rect>
        0 18 2 2</rect></_>
    <_>
      <rect>
        0 21 1 1</rect></_>
    <_>
      <rect>
        0 21 2 1</rect></_>
    <_>
      <rect>
        1 0 3 2</rect></_>
    <_>
      <rect>
        1 0 4 2</rect></_>
    <_>
      <rect>
        1 0 5 1</rect></_>
    <_>
      <rect>
        1 2 3 3</rect></_>
    <_>
      <rect>
        1 4 1 2</rect></_>
    <_>
      <rect>
        1 6 5 4</rect></_>
    <_>
      <rect>
        1 9 1 3</rect></_>
    <_>
      <rect>
        1 13 4 3</rect></_>
    <_>
      <rect>
        1 21 2 1</rect></_>
    <_>
      <rect>
        1 21 3 1</rect></_>
    <_>
      <rect>
        2 0 1 1</rect></_>
    <_>
      <rect>
        2 4 1 1</rect></_>
    <_>
      <rect>
        2 5 3 3</rect></_>
    <_>
      <rect>
        2 5 4 3</rect></_>
    <_>
      <rect>
        2 11 4 3</rect></_>
    <_>
      <rect>
        2 12 3 3</rect></_>
    <_>
      <rect>
        2 12 4 2</rect></_>
    <_>
      <rect>
        2 19 1 1</rect></_>
    <_>
      <rect>
        2 21 2 1</rect></_>
    <_>
      <rect>
        3 0 4 1</rect></_>
    <_>
      <rect>
        3 0 6 3</rect></_>
    <_>
      <rect>
        3 1 4 2</rect></_>
    <_>
      <rect>
        3 1 6 4</rect></_>
    <_>
      <rect>
        3 8 4 4</rect></_>
    <_>
      <rect>
        3 13 3 3</rect></_>
    <_>
      <rect>
        3 14 1 1</rect></_>
    <_>
      <rect>
        3 21 2 1</rect></_>
    <_>
      <rect>
        4 1 4 4</rect></_>
    <_>
      <rect>
        4 2 2 1</rect></_>
    <_>
      <rect>
        4 4 4 3</rect></_>
    <_>
      <rect>
        4 12 3 2</rect></_>
    <_>
      <rect>
        4 12 5 3</rect></_>
    <_>
      <rect>
        4 13 4 3</rect></_>
    <_>
      <rect>
        4 17 4 2</rect></_>
    <_>
      <rect>
        4 18 1 1</rect></_>
    <_>
      <rect>
        4 21 2 1</rect></_>
    <_>
      <rect>
        5 6 4 3</rect></_>
    <_>
      <rect>
        5 7 5 4</rect></_>
    <_>
      <rect>
        5 11 1 1</rect></_>
    <_>
      <rect>
        5 12 5 3</rect></_>
    <_>
      <rect>
        5 13 5 2</rect></_>
    <_>
      <rect>
        5 18 3 2</rect></_>
    <_>
      <rect>
        5 20 2 1</rect></_>
    <_>
      <rect>
        6 0 2 1</rect></_>
    <_>
      <rect>
        6 1 1 1</rect></_>
    <_>
      <rect>
        6 2 3 2</rect></_>
    <_>
      <rect>
        6 3 3 2</rect></_>
    <_>
      <rect>
        6 6 4 3</rect></_>
    <_>
      <rect>
        6 7 4 3</rect></_>
    <_>
      <rect>
        6 9 4 3</rect></_>
    <_>
      <rect>
        6 13 4 3</rect></_>
    <_>
      <rect>
        6 15 3 2</rect></_>
    <_>
      <rect>
        6 18 1 1</rect></_>
    <_>
      <rect>
        6 21 2 1</rect></_>
    <_>
      <rect>
        7 0 3 1</rect></_>
    <_>
      <rect>
        7 4 4 2</rect></_>
    <_>
      <rect>
        7 5 3 4</rect></_>
    <_>
      <rect>
        7 5 4 3</rect></_>
    <_>
      <rect>
        7 11 1 1</rect></_>
    <_>
      <rect>
        7 11 3 3</rect></_>
    <_>
      <rect>
        7 12 5 4</rect></_>
    <_>
      <rect>
        7 13 1 1</rect></_>
    <_>
      <rect>
        7 21 3 1</rect></_>
    <_>
      <rect>
        8 0 4 8</rect></_>
    <_>
      <rect>
        8 0 5 1</rect></_>
    <_>
      <rect>
        8 5 2 2</rect></_>
    <_>
      <rect>
        8 8 3 4</rect></_>
    <_>
      <rect>
        8 13 4 3</rect></_>
    <_>
      <rect>
        9 0 2 1</rect></_>
    <_>
      <rect>
        9 0 4 1</rect></_>
    <_>
      <rect>
        9 0 5 2</rect></_>
    <_>
      <rect>
        9 1 4 3</rect></_>
    <_>
      <rect>
        9 2 4 3</rect></_>
    <_>
      <rect>
        9 3 2 2</rect></_>
    <_>
      <rect>
        9 3 3 3</rect></_>
    <_>
      <rect>
        9 6 4 3</rect></_>
    <_>
      <rect>
        9 7 4 4</rect></_>
    <_>
      <rect>
        9 8 4 3</rect></_>
    <_>
      <rect>
        9 9 4 3</rect></_>
    <_>
      <rect>
        9 10 1 1</rect></_>
    <_>
      <rect>
        9 17 3 2</rect></_>
    <_>
      <rect>
        10 0 4 1</rect></_>
    <_>
      <rect>
        10 6 4 3</rect></_>
    <_>
      <rect>
        10 10 4 3</rect></_>
    <_>
      <rect>
        11 0 4 2</rect></_>
    <_>
      <rect>
        11 3 4 4</rect></_>
    <_>
      <rect>
        11 4 3 3</rect></_>
    <_>
      <rect>
        11 13 1 1</rect></_>
    <_>
      <rect>
        12 0 3 1</rect></_>
    <_>
      <rect>
        12 0 3 2</rect></_>
    <_>
      <rect>
        12 0 4 4</rect></_>
    <_>
      <rect>
        12 1 4 7</rect></_>
    <_>
      <rect>
        12 7 4 4</rect></_>
    <_>
      <rect>
        12 10 4 3</rect></_>
    <_>
      <rect>
        12 13 3 3</rect></_>
    <_>
      <rect>
        12 13 4 3</rect></_>
    <_>
      <rect>
        12 18 2 2</rect></_>
    <_>
      <rect>
        13 5 3 3</rect></_>
    <_>
      <rect>
        13 10 1 1</rect></_>
    <_>
      <rect>
        13 14 3 3</rect></_>
    <_>
      <rect>
        13 18 2 1</rect></_>
    <_>
      <rect>
        14 0 3 2</rect></_>
    <_>
      <rect>
        14 1 1 1</rect></_>
    <_>
      <rect>
        14 7 3 3</rect></_>
    <_>
      <rect>
        14 10 3 4</rect></_>
    <_>
      <rect>
        14 21 2 1</rect></_>
    <_>
      <rect>
        14 21 3 1</rect></_>
    <_>
      <rect>
        15 0 3 3</rect></_>
    <_>
      <rect>
        15 0 3 4</rect></_>
    <_>
      <rect>
        15 5 3 3</rect></_>
    <_>
      <rect>
        15 6 3 5</rect></_>
    <_>
      <rect>
        15 7 3 4</rect></_>
    <_>
      <rect>
        15 13 3 2</rect></_>
    <_>
      <rect>
        16 3 2 3</rect></_>
    <_>
      <rect>
        16 9 1 1</rect></_>
    <_>
      <rect>
        16 11 1 1</rect></_>
    <_>
      <rect>
        17 4 2 3</rect></_>
    <_>
      <rect>
        17 15 1 1</rect></_>
    <_>
      <rect>
        17 18 1 1</rect></_>
    <_>
      <rect>
        17 18 2 2</rect></_>
    <_>
      <rect>
        17 21 1 1</rect></_>
    <_>
      <rect>
        17 21 2 1</rect></_>
    <_>
      <rect>
        18 1 2 3</rect></_>
    <_>
      <rect>
        18 4 2 2</rect></_>
    <_>
      <rect>
        18 6 2 3</rect></_>
    <_>
      <rect>
        18 9 2 4</rect></_>
    <_>
      <rect>
        18 10 2 1</rect></_>
    <_>
      <rect>
        18 10 2 2</rect></_>
    <_>
      <rect>
        18 11 2 1</rect></_>
    <_>
      <rect>
        18 18 2 2</rect></_>
    <_>
      <rect>
        18 21 2 1</rect></_>
    <_>
      <rect>
        19 21 1 1</rect></_>
    <_>
      <rect>
        20 5 1 1</rect></_>
    <_>
      <rect>
        20 7 1 1</rect></_>
    <_>
      <rect>
        21 6 1 3</rect></_>
    <_>
      <rect>
        21 8 1 2</rect></_>
    <_>
      <rect>
        21 9 1 1</rect></_>
    <_>
      <rect>
        21 15 1 3</rect></_>
    <_>
      <rect>
        21 18 1 2</rect></_></features></cascade>
</opencv_storage>
